strategy,final_equity,total_return,total_trades,winning_trades,losing_trades,sharpe,max_drawdown
Moving Average Crossover,9738.136384777396,-0.026186361522260504,12,2,4,0.01341100229044445,-0.19698362769154032
Mean Reversion,10434.90397653608,0.04349039765360785,28,9,5,0.17014949929781586,-0.27986658050616886
Buy and Hold,9432.219497346865,-0.05677805026531346,1,,,,-0.3738893135240158
